
--CREATE TABLE--

CREATE TABLE DEPOSIT
(
  ACTNO INT,
  CNAME VARCHAR(50),
  BNAME VARCHAR(50),
  AMOUNT DECIMAL(8,2),
  ADATE DATETIME
);

CREATE TABLE BRANCH
(
  BNAME VARCHAR(50),
  CITY VARCHAR(50)
);

CREATE TABLE CUSTOMERS
(
  CNAME VARCHAR(50),
  CITY VARCHAR(50)
);

CREATE TABLE BORROW
(
  LOANNO INT,
  CNAME VARCHAR (50),
  BNAME VARCHAR(50),
  AMOUNT DECIMAL(8,2)
);

--INSERT DATA INTO DEPOSIT--

INSERT INTO DEPOSIT VALUES (101,'ANIL','VRCE',1000.00,'01-MAR-95');

INSERT INTO DEPOSIT VALUES (102,'SUNIL','AJNI',5000.00,'04-JAN-96');

INSERT INTO DEPOSIT VALUES (103,'MEHUL','KAROLBAGH',3500.00,'17-NOV-95');

INSERT INTO DEPOSIT VALUES (104,'MADHURI','CHANDI',1200.00,'17-DEC-95');

INSERT INTO DEPOSIT VALUES (105,'PRMOD','M.G.ROAD',3000.00,'27-MAR-96');

INSERT INTO DEPOSIT VALUES (106,'SANDIP','ANDHERI',2000.00,'31-MAR-96');

INSERT INTO DEPOSIT VALUES (107,'SHIVANI','VIRAR',1000.00,'05-SEP-95');

INSERT INTO DEPOSIT VALUES (108,'KRANTI','NEHRU PLACE',5000.00,'02-JUL-95');

INSERT INTO DEPOSIT VALUES (109,'MINU','POWAI',7000.00,'10-AUG-95');


--INSERT INTO BRANCH--

INSERT INTO BRANCH VALUES ('VRCE','NAGPUR');

INSERT INTO BRANCH VALUES ('AJNI','NAGPUR');

INSERT INTO BRANCH VALUES ('KAROLBAGH','DELHI');

INSERT INTO BRANCH VALUES ('CHANDI','DELHI');

INSERT INTO BRANCH VALUES ('DHARAMPETH','NAGPUR');

INSERT INTO BRANCH VALUES ('M.G.ROAD','BANGLORE');

INSERT INTO BRANCH VALUES ('ANDHERI','BOMBAY');

INSERT INTO BRANCH VALUES ('VIRAR','BOMBAY');

INSERT INTO BRANCH VALUES ('NEHRU PLACE','DELHI');

INSERT INTO BRANCH VALUES ('POWAI','BOMBAY');


--INSERT INTO CUSTOMERS--

INSERT INTO CUSTOMERS VALUES ('ANIL','CALCUTTA');

INSERT INTO CUSTOMERS VALUES ('SUNIL','DELHI');

INSERT INTO CUSTOMERS VALUES ('MEHUL','BARODA');

INSERT INTO CUSTOMERS VALUES ('MANDAR','PATNA');

INSERT INTO CUSTOMERS VALUES ('MADHURI','NAGPUR');

INSERT INTO CUSTOMERS VALUES ('PRAMOD','NAGPUR');

INSERT INTO CUSTOMERS VALUES ('SANDIP','SURAT');

INSERT INTO CUSTOMERS VALUES ('SHIVANI','BOMBAY');

INSERT INTO CUSTOMERS VALUES ('KRANTI','BOMBAY');

INSERT INTO CUSTOMERS VALUES ('NAREN','BOMBAY');


--INSERT INTO BORROW--

INSERT INTO BORROW VALUES (201,'ANIL','VRCE',1000.00);

INSERT INTO BORROW VALUES (206,'MEHUL','AJNI',5000.00);

INSERT INTO BORROW VALUES (311,'SUNIL','DHARAMPETH',3000.00);

INSERT INTO BORROW VALUES (321,'MADHURI','ANDHERI',2000.00);

INSERT INTO BORROW VALUES (375,'PRMOD','VIRAR',8000.00);

INSERT INTO BORROW VALUES (481,'KRANTI','NEHRU PLACE',3000.00);


--SELLECT OPRATIONS--

--1--
SELECT * FROM DEPOSIT;

--2--
SELECT * FROM BORROW;

--3--
SELECT * FROM CUSTOMERS;

--4--
SELECT ACTNO,CNAME,AMOUNT FROM DEPOSIT;

--5--
SELECT LOANNO,AMOUNT FROM BORROW;

--6--
SELECT * FROM BORROW WHERE BNAME='ANDHERI';

--7--
SELECT ACTNO,AMOUNT FROM DEPOSIT WHERE ACTNO=106;

--8--
SELECT CNAME FROM BORROW WHERE AMOUNT>5000;

--9--
SELECT CNAME FROM DEPOSIT WHERE ADATE >'01-DEC-96';

--10--
SELECT CNAME FROM DEPOSIT WHERE ACTNO<105;

--11--
SELECT CNAME FROM CUSTOMERS WHERE CITY='NAGPUR' OR CITY='DELHI';
SELECT CNAME FROM CUSTOMERS WHERE CITY IN('NAGPUR','DELHI');

--12--
SELECT CNAME,BNAME FROM DEPOSIT WHERE AMOUNT >4000 AND ACTNO<105;

--13--
SELECT * FROM BORROW WHERE AMOUNT BETWEEN 3000 AND 8000; 

--14--
SELECT * FROM DEPOSIT WHERE BNAME != 'ANDHERI';

--15--
SELECT ACTNO,CNAME,AMOUNT FROM DEPOSIT WHERE BNAME IN('AJNI','KAROLBAGH','M.G.ROAD') AND ACTNO<104;

--16--
SELECT TOP 5 * FROM CUSTOMERS;

--17--
SELECT TOP 3 * FROM DEPOSIT WHERE AMOUNT>1000;

--18--
SELECT TOP 5 LOANNO,CNAME FROM BORROW WHERE BNAME!='ANDHERI';

--19--
SELECT DISTINCT CITY FROM CUSTOMERS;

--20--
SELECT DISTINCT BNAME FROM BRANCH;

--21--
SELECT * FROM CUSTOMERS ORDER BY CITY;
SELECT * FROM CUSTOMERS ORDER BY CITY DESC;

--22--
SELECT * FROM DEPOSIT ORDER BY AMOUNT DESC;


--UPDATE OPERATION--

--1--

SELECT * FROM DEPOSIT;

UPDATE DEPOSIT
SET AMOUNT=5000
WHERE AMOUNT=3000;

--2--

SELECT * FROM BORROW;

UPDATE BORROW
SET BNAME='C.G.ROAD'
WHERE BNAME='VRCE';

--3--

SELECT * FROM DEPOSIT;

UPDATE DEPOSIT
SET ACTNO=111,AMOUNT=5000
WHERE CNAME='SANDIP';

--4--

SELECT * FROM BORROW;

UPDATE BORROW 
SET AMOUNT=(AMOUNT+(AMOUNT*10)/100);

--5--

SELECT * FROM DEPOSIT;

UPDATE DEPOSIT
SET AMOUNT=5000
WHERE ACTNO BETWEEN 103 AND 107;

--6--

SELECT * FROM BORROW;

UPDATE BORROW
SET AMOUNT=NULL
WHERE LOANNO=321;

--7--

SELECT CNAME FROM BORROW
WHERE AMOUNT IS NULL;